{
    "loss":[
        580.7564308288171,
        95.49424138434524,
        43.44580114476646,
        40.92405207488195,
        36.69026483649273,
        33.405531057908995,
        30.389133533491137,
        27.312249378395748,
        23.69218173522237,
        21.152541343454534,
        20.13424301815144,
        19.736377658198567,
        19.749092419571284,
        19.68817785953743,
        19.35232321755147,
        19.30798673388653,
        19.138038874878024,
        18.986335756620143,
        18.918874003923342,
        18.79268172630212,
        18.692308170699924,
        18.655134782676146,
        18.524561312633562,
        18.40093667049994,
        18.340361551754395,
        18.287551264872306,
        18.161321968663206,
        18.086911994907375,
        17.981156727906935,
        17.88279739551997
    ],
    "val_loss":[
        158.88809204101562,
        42.86739730834961,
        40.69116973876953,
        37.2514762878418,
        34.76058578491211,
        31.854738235473633,
        29.165773391723633,
        25.0740966796875,
        22.215805053710938,
        21.137407302856445,
        20.577743530273438,
        20.49608612060547,
        20.481338500976562,
        20.11505699157715,
        20.14476203918457,
        20.178281784057617,
        19.83953857421875,
        19.74356460571289,
        19.776472091674805,
        19.60260009765625,
        19.55975341796875,
        19.489839553833008,
        19.415008544921875,
        19.32896614074707,
        19.279142379760742,
        19.19102668762207,
        19.101945877075195,
        19.043363571166992,
        19.029193878173828,
        18.885343551635742
    ]
}